Kode Pelanggan,Nama Lengkap,Alamat,Tanggal Lahir,Aktif,Nilai Belanja Setahun
KD-00016,Bapak Yusuf Susanto,"Vila Sempilan, Blok A6 No. 21",11/06/86,1,4700000
KD-00017,Tono   Pratama,"Rusun Kerinci Indah, Blok A6 No. 23",13 November 1995,TRUE,1500000
KD-00027,Bapak Omar Cahyono,"Vila Gunung Seribu, Blok A4 No. 23",21 Januari 1982,TRUE,800000
KD-00015,Budi Rahayu,"Vila Gunung Seribu, Blok A4 No. 4",16-08-1997,1,1000000
KD-00014,Bapak Yusuf Susanto,"Vila Sempilan, Blok A9 No. 30",15-02-1979,TRUE,2100000
KD-00003,Budi   Kurniawan,"Vila Sempilan, Blok A4 No. 3",06/06/96,0,3600000
KD-00064,Bapak Omar Pratama,"Vila Gunung Seribu, Blok A7 No. 21",08-02-1969,0,2500000
KD-00050,"Umi Hidayat, S.H.","Taman Bunga Langit, Blok A5 No. 21",15 Juni 1983,TRUE,1200000
KD-00002,"Budi Rahayu, S.H.","Vila Sempilan, Blok A3 No. 25",27-12-1977,O,1400000
KD-00009,Yusuf Hidayat,"Rusun Kerinci Indah, Blok A7 No. 9",1 April 2038,TRUE,1600000
KD-00018,Fitri Handoko,"Rusun Kerinci Indah, Blok A8 No. 5",06/03/70,1,1100000
KD-00021,"Eko Cahyono, S.H.","Vila Gunung Seribu, Blok A6 No. 28",24 Maret 1998,1,
KD-00059,Ir. Putri Lestari,"Vila Gunung Seribu, Blok A6 No. 7",10-05-1970,1,3100000
KD-00048,Ir. Nanda Nugraha,"Taman Bunga Langit, Blok A1 No. 2",11/19/82,FALSE,200000
KD-00006,Tono Nugraha,"Rusun Kerinci Indah, Blok A8 No. 18",04/14/79,0,2300000
KD-00043,Yusuf   Santoso,"Vila Sempilan, Blok A8 No. 23",24-03-1972,0,3500000
KD-00065,Sari Pratama,"Taman Bunga Langit, Blok A2 No. 25",24-08-1986,TRUE,2700000
KD-00020,Hendra Susanto,"Vila Sempilan, Blok A6 No. 18",2 Februari 1999,1,3500000
KD-00034,Citra Nugraha,"Taman Bunga Langit, Blok A9 No. 12",08-07-1997,O,4400000
KD-00007,Bapak Indah Pratama,"Rusun Kerinci Indah, Blok A3 No. 25",19-06-1983,TRUE,4000000
KD-00070,Vina Cahyono,"Vila Gunung Seribu, Blok A6 No. 25",05-01-1980,1,1700000
KD-00035,Eko Setiawan,"Vila Gunung Seribu, Blok A1 No. 30",01/23/85,TRUE,4600000
KD-00058,Fitri Wijaya,"Vila Sempilan, Blok A1 No. 18",08-07-1974,0,500000
KD-00046,Vina Nugraha,"Vila Sempilan, Blok A8 No. 6",19-04-1996,1,4700000
KD-00030,Kartika   Nugraha,"Rusun Kerinci Indah, Blok A9 No. 20",21-05-1998,FALSE,4600000
KD-00024,Yusuf %$ Pratama,"Vila Sempilan, Blok A6 No. 14",19 Desember 2000,TRUE,3600000
KD-00037,Wawan Setiawan,"Taman Bunga Langit, Blok A8 No. 8",08/15/82,1,4100000
KD-00057,Fitri %$ Kurniawan,"Taman Bunga Langit, Blok A9 No. 14",17 Juni 1983,O,1600000
KD-00061,Bapak Fitri Nugraha,"Rusun Kerinci Indah, Blok A1 No. 19",20 Februari 1988,FALSE,4400000
KD-00055,"Putri Rahayu, S.H.","Rusun Kerinci Indah, Blok A7 No. 24",13-06-1978,1,1500000
KD-00067,Budi Handoko,"Vila Sempilan, Blok A1 No. 21",13-08-1972,TRUE,1300000
KD-00045,Dewi Rahayu,"Vila Sempilan, Blok A5 No. 4",02/19/97,FALSE,3500000
KD-00005,Dewi Setiawan,"Vila Sempilan, Blok A4 No. 23",02-02-1977,TRUE,1600000
KD-00062,Joko Santoso,"Vila Sempilan, Blok A8 No. 19",25 Januari 1974,TRUE,600000
KD-00056,"Yusuf Pratama, S.H.","Vila Gunung Seribu, Blok A7 No. 25",20-06-1989,1,1800000
KD-00042,Nanda Wijaya,"Vila Gunung Seribu, Blok A6 No. 23",05/25/01,TRUE,1300000
KD-00012,Bapak Nanda Pratama,"Vila Sempilan, Blok A1 No. 20",10-03-1996,1,300000
KD-00049,Bapak Gita Pratama,"Taman Bunga Langit, Blok A6 No. 29",8 Juli 1982,0,4100000
KD-0052,Kartika Susanto,"Taman Bunga Langit, Blok A2 No. 6",02-08-1991,1,4300000
KD-00689,"Pratama, Kartika","Jl. Rusun Kerinci Indah, Blok A6 No. 27",26-06-1969,1,4200000
KD-00022,Bapak Putri Rahayu,"Vila Gunung Seribu, Blok A2 No. 21",12 Februari 1993,TRUE,500000
KD-00066,Umi Wijaya,"Vila Sempilan, Blok A4 No. 9",26 November 1987,1,4000000
KD-00069,Rizky   Rahayu,"Vila Sempilan, Blok A7 No. 14",14-07-1972,1,2700000
KD-00036,Kartika Rahayu,"Taman Bunga Langit, Blok A9 No. 11",12/28/80,O,3300000
KD-00019,"Citra Cahyono, S.H.","Vila Sempilan, Blok A2 No. 16",16-08-1988,TRUE,5000000
KD-0051,Yusuf Hidayat,"Vila Sempilan, Blok A7 No. 14",03/01/87,FALSE,3400000
KD-00068,Ir. Dewi Susanto,"Vila Sempilan, Blok A8 No. 15",19-12-1980,0,4700000
KD-00029,Omar Santoso,"Rusun Kerinci Indah, Blok A4 No. 1",02-04-1978,FALSE,1700000
KD-0001,Kartika Pratama,"Rusun Kerinci Indah, Blok A6 No. 27",06/26/69,O,5000000
KD-0053,Gita Wijaya,"Vila Gunung Seribu, Blok A8 No. 28",18-11-1974,FALSE,2300000
KD-00040,Sari Santoso,"Vila Gunung Seribu, Blok A5 No. 21",9 Januari 2001,TRUE,2000000
KD-00038,"Yusuf Pratama, S.H.","Taman Bunga Langit, Blok A4 No. 13",3 Agustus 1972,0,4100000
KD-00025,Citra %$ Wijaya,"Vila Gunung Seribu, Blok A1 No. 7",08-10-1999,1,4300000
KD-0033,Omar Pratama,"Taman Bunga Langit, Blok A1 No. 30",07-06-1979,1,900000
KD-00964,"Pratama, Gita","Jl. Taman Bunga Langit, Blok A6 No. 29",08-07-1982,1,4100000
KD-00026,Tono   Setiawan,"Taman Bunga Langit, Blok A7 No. 13",22 Maret 1983,FALSE,900000
KD-00054,Bapak Tono Kurniawan,"Vila Gunung Seribu, Blok A6 No. 3",20-12-1984,FALSE,1800000
KD-0031,Ir. Zahra Susanto,"Vila Gunung Seribu, Blok A7 No. 6",01-01-1995,1,2400000
KD-00013,Zahra   Santoso,,18 Juni 1981,1,3800000
KD-00853,Rahayu Budi H.,"Jl. Vila Gunung Seribu, Blok A4 No. 4",16 Agustus 1997,1,2100000
KD-0008,Lukman Santoso,"Vila Gunung Seribu, Blok A2 No. 22",18-11-1976,1,1700000
KD-00039,Tono Handoko,"Taman Bunga Langit, Blok A5 No. 20",07/27/89,FALSE,5000000
KD-0047,"Fitri Handoko, S.H.","Vila Gunung Seribu, Blok A2 No. 15",16 Maret 1997,1,700000
KD-00305,Umi Wijaya's,"Jl. Vila Sempilan, Blok A4 No. 9",11/26/87,1,3100000
KD-00041,"Fitri Cahyono, S.H.","Vila Gunung Seribu, Blok A5 No. 20",05-06-1976,1,3400000
KD-00060,Zahra Rahayu,"Vila Gunung Seribu, Blok A8 No. 12",15-10-1988,TRUE,3300000
KD-00011,"Vina Nugraha, S.H.","Vila Sempilan, Blok A8 No. 9",08/05/98,O,2100000
KD-00044,Dewi Wijaya,"Vila Gunung Seribu, Blok A1 No. 17",09/13/73,1,3200000
KD-00063,"Sari Santoso, S.H.","Taman Bunga Langit, Blok A1 No. 20",10/22/99,TRUE,300000
KD-00766,Nugraha Vina H.,"Jl. Vila Sempilan, Blok A8 No. 6",19-04-1996,1,3700000
KD-00023,"Tono Hidayat, S.H.","Vila Gunung Seribu, Blok A1 No. 10",4 Agustus 1983,1,4300000
KD-00615,Pratama Yusuf H.,"Jl. Taman Bunga Langit, Blok A4 No. 13",08/03/72,1,3600000
KD-00028,"Joko Rahayu, S.H.","Rusun Kerinci Indah, Blok A9 No. 6",16-06-1972,1,200000
KD-00032,Bapak Sari Lestari,"Rusun Kerinci Indah, Blok A7 No. 8",15-01-1987,1,3500000
KD-00004,Zahra Nugraha,"Vila Sempilan, Blok A7 No. 11",14-03-1879,1,1200000
KD-00010,"Wawan Rahayu, S.H.","Taman Bunga Langit, Blok A6 No. 17",18-01-1987,0,1000000
